{
  "defaultSeverity": "error",
  "jsRules": {},
  "rules": {
    "eofline": false,
    "max-line-length": false,
    "quotemark": [true, "single", "jsx-single"],
    "arrow-parens": [true, "ban-single-arg-parens"],
    "trailing-comma": [
      false,
      { "multiline": "always", "singleline": "always" }
    ],
    "ordered-imports": false,
    "object-literal-sort-keys": false,
    "no-console": [false, "log", "error"],
    "no-var-requires": false,
    "semicolon": [true, "never"]
  },
  "rulesDirectory": []
}
